kappa_A,sigma_A,kappa_B,sigma_B,f_B,kappa_mix,sigma_mix,sigma_mixing_rule,S_max,Nd,total_act_frac,activated
0.61,0.07457325,0.1,0.02,0.0,0.61,0.07457325,linear_approximation,0.0026221377428898586,638373012.3967685,0.6368581558776214,True
0.61,0.07457325,0.1,0.0325,0.0,0.61,0.07457325,linear_approximation,0.0026221377428898586,638373012.3967685,0.6368581558776214,True
0.61,0.07457325,0.1,0.045,0.0,0.61,0.07457325,linear_approximation,0.0026221377428898586,638373012.3967685,0.6368581558776214,True
0.61,0.07457325,0.1,0.05750000000000001,0.0,0.61,0.07457325,linear_approximation,0.0026221377428898586,638373012.3967685,0.6368581558776214,True
0.61,0.07457325,0.1,0.07,0.0,0.61,0.07457325,linear_approximation,0.0026221377428898586,638373012.3967685,0.6368581558776214,True
0.61,0.07457325,0.2,0.02,0.0,0.61,0.07457325,linear_approximation,0.0026221377428898586,638373012.3967685,0.6368581558776214,True
0.61,0.07457325,0.2,0.0325,0.0,0.61,0.07457325,linear_approximation,0.0026221377428898586,638373012.3967685,0.6368581558776214,True
0.61,0.07457325,0.2,0.045,0.0,0.61,0.07457325,linear_approximation,0.0026221377428898586,638373012.3967685,0.6368581558776214,True
0.61,0.07457325,0.2,0.05750000000000001,0.0,0.61,0.07457325,linear_approximation,0.0026221377428898586,638373012.3967685,0.6368581558776214,True
0.61,0.07457325,0.2,0.07,0.0,0.61,0.07457325,linear_approximation,0.0026221377428898586,638373012.3967685,0.6368581558776214,True
0.61,0.07457325,0.30000000000000004,0.02,0.0,0.61,0.07457325,linear_approximation,0.0026221377428898586,638373012.3967685,0.6368581558776214,True
0.61,0.07457325,0.30000000000000004,0.0325,0.0,0.61,0.07457325,linear_approximation,0.0026221377428898586,638373012.3967685,0.6368581558776214,True
0.61,0.07457325,0.30000000000000004,0.045,0.0,0.61,0.07457325,linear_approximation,0.0026221377428898586,638373012.3967685,0.6368581558776214,True
0.61,0.07457325,0.30000000000000004,0.05750000000000001,0.0,0.61,0.07457325,linear_approximation,0.0026221377428898586,638373012.3967685,0.6368581558776214,True
0.61,0.07457325,0.30000000000000004,0.07,0.0,0.61,0.07457325,linear_approximation,0.0026221377428898586,638373012.3967685,0.6368581558776214,True
0.61,0.07457325,0.4,0.02,0.0,0.61,0.07457325,linear_approximation,0.0026221377428898586,638373012.3967685,0.6368581558776214,True
0.61,0.07457325,0.4,0.0325,0.0,0.61,0.07457325,linear_approximation,0.0026221377428898586,638373012.3967685,0.6368581558776214,True
0.61,0.07457325,0.4,0.045,0.0,0.61,0.07457325,linear_approximation,0.0026221377428898586,638373012.3967685,0.6368581558776214,True
0.61,0.07457325,0.4,0.05750000000000001,0.0,0.61,0.07457325,linear_approximation,0.0026221377428898586,638373012.3967685,0.6368581558776214,True
0.61,0.07457325,0.4,0.07,0.0,0.61,0.07457325,linear_approximation,0.0026221377428898586,638373012.3967685,0.6368581558776214,True
0.61,0.07457325,0.5,0.02,0.0,0.61,0.07457325,linear_approximation,0.0026221377428898586,638373012.3967685,0.6368581558776214,True
0.61,0.07457325,0.5,0.0325,0.0,0.61,0.07457325,linear_approximation,0.0026221377428898586,638373012.3967685,0.6368581558776214,True
0.61,0.07457325,0.5,0.045,0.0,0.61,0.07457325,linear_approximation,0.0026221377428898586,638373012.3967685,0.6368581558776214,True
0.61,0.07457325,0.5,0.05750000000000001,0.0,0.61,0.07457325,linear_approximation,0.0026221377428898586,638373012.3967685,0.6368581558776214,True
0.61,0.07457325,0.5,0.07,0.0,0.61,0.07457325,linear_approximation,0.0026221377428898586,638373012.3967685,0.6368581558776214,True
0.61,0.07457325,0.1,0.02,0.1,0.559,0.069115925,linear_approximation,0.002571243352985552,638373012.3967685,0.6368581558776214,True
0.61,0.07457325,0.1,0.0325,0.1,0.559,0.070365925,linear_approximation,0.002594111974749958,638373012.3967685,0.6368581558776214,True
0.61,0.07457325,0.1,0.045,0.1,0.559,0.071615925,linear_approximation,0.0026169244251184162,638373012.3967685,0.6368581558776214,True
0.61,0.07457325,0.1,0.05750000000000001,0.1,0.559,0.072865925,linear_approximation,0.002639675724154056,638373012.3967685,0.6368581558776214,True
0.61,0.07457325,0.1,0.07,0.1,0.559,0.074115925,linear_approximation,0.0026623562074839725,638373012.3967685,0.6368581558776214,True
0.61,0.07457325,0.2,0.02,0.1,0.5690000000000001,0.069115925,linear_approximation,0.002561810671631308,638373012.3967685,0.6368581558776214,True
0.61,0.07457325,0.2,0.0325,0.1,0.5690000000000001,0.070365925,linear_approximation,0.0025845836867027846,638373012.3967685,0.6368581558776214,True
0.61,0.07457325,0.2,0.045,0.1,0.5690000000000001,0.071615925,linear_approximation,0.002607300733987873,638373012.3967685,0.6368581558776214,True
0.61,0.07457325,0.2,0.05750000000000001,0.1,0.5690000000000001,0.072865925,linear_approximation,0.0026299589287541256,638373012.3967685,0.6368581558776214,True
0.61,0.07457325,0.2,0.07,0.1,0.5690000000000001,0.074115925,linear_approximation,0.002652549983383456,638373012.3967685,0.6368581558776214,True
0.61,0.07457325,0.30000000000000004,0.02,0.1,0.5790000000000001,0.069115925,linear_approximation,0.0025525371943272614,638373012.3967685,0.6368581558776214,True
0.61,0.07457325,0.30000000000000004,0.0325,0.1,0.5790000000000001,0.070365925,linear_approximation,0.0025752171453042273,638373012.3967685,0.6368581558776214,True
0.61,0.07457325,0.30000000000000004,0.045,0.1,0.5790000000000001,0.071615925,linear_approximation,0.0025978406984215716,638373012.3967685,0.6368581558776214,True
0.61,0.07457325,0.30000000000000004,0.05750000000000001,0.1,0.5790000000000001,0.072865925,linear_approximation,0.0026204070353934355,638373012.3967685,0.6368581558776214,True
0.61,0.07457325,0.30000000000000004,0.07,0.1,0.5790000000000001,0.074115925,linear_approximation,0.0026429094157690495,638373012.3967685,0.6368581558776214,True
0.61,0.07457325,0.4,0.02,0.1,0.5890000000000001,0.069115925,linear_approximation,0.002543417092207231,638373012.3967685,0.6368581558776214,True
0.61,0.07457325,0.4,0.0325,0.1,0.5890000000000001,0.070365925,linear_approximation,0.0025660065500123894,638373012.3967685,0.6368581558776214,True
0.61,0.07457325,0.4,0.045,0.1,0.5890000000000001,0.071615925,linear_approximation,0.002588538603241824,638373012.3967685,0.6368581558776214,True
0.61,0.07457325,0.4,0.05750000000000001,0.1,0.5890000000000001,0.072865925,linear_approximation,0.0026110144535115387,638373012.3967685,0.6368581558776214,True
0.61,0.07457325,0.4,0.07,0.1,0.5890000000000001,0.074115925,linear_approximation,0.0026334290555750884,638373012.3967685,0.6368581558776214,True
0.61,0.07457325,0.5,0.02,0.1,0.5990000000000001,0.069115925,linear_approximation,0.0025344448597094233,638373012.3967685,0.6368581558776214,True
0.61,0.07457325,0.5,0.0325,0.1,0.5990000000000001,0.070365925,linear_approximation,0.0025569463630434734,638373012.3967685,0.6368581558776214,True
0.61,0.07457325,0.5,0.045,0.1,0.5990000000000001,0.071615925,linear_approximation,0.0025793889731111205,638373012.3967685,0.6368581558776214,True
0.61,0.07457325,0.5,0.05750000000000001,0.1,0.5990000000000001,0.072865925,linear_approximation,0.0026017758565478363,638373012.3967685,0.6368581558776214,True
0.61,0.07457325,0.5,0.07,0.1,0.5990000000000001,0.074115925,linear_approximation,0.002624103683637563,638373012.3967685,0.6368581558776214,True
0.61,0.07457325,0.1,0.02,0.2,0.508,0.0636586,linear_approximation,0.0025192038600442613,638373012.3967685,0.6368581558776214,True
0.61,0.07457325,0.1,0.0325,0.2,0.508,0.0661586,linear_approximation,0.002566492593466928,638373012.3967685,0.6368581558776214,True
0.61,0.07457325,0.1,0.045,0.2,0.508,0.0686586,linear_approximation,0.002613492504647052,638373012.3967685,0.6368581558776214,True
0.61,0.07457325,0.1,0.05750000000000001,0.2,0.508,0.0711586,linear_approximation,0.0026602564636504316,638373012.3967685,0.6368581558776214,True
0.61,0.07457325,0.1,0.07,0.2,0.508,0.0736586,linear_approximation,0.002706709854888931,638373012.3967685,0.6368581558776214,True
0.61,0.07457325,0.2,0.02,0.2,0.528,0.0636586,linear_approximation,0.002499591379022971,638373012.3967685,0.6368581558776214,True
0.61,0.07457325,0.2,0.0325,0.2,0.528,0.0661586,linear_approximation,0.002546492125078713,638373012.3967685,0.6368581558776214,True
0.61,0.07457325,0.2,0.045,0.2,0.528,0.0686586,linear_approximation,0.002593070079350501,638373012.3967685,0.6368581558776214,True
0.61,0.07457325,0.2,0.05750000000000001,0.2,0.528,0.0711586,linear_approximation,0.0026394132515051385,638373012.3967685,0.6368581558776214,True
0.61,0.07457325,0.2,0.07,0.2,0.528,0.0736586,linear_approximation,0.002685481508935172,638373012.3967685,0.6368581558776214,True
0.61,0.07457325,0.30000000000000004,0.02,0.2,0.548,0.0636586,linear_approximation,0.002480670663889678,638373012.3967685,0.6368581558776214,True
0.61,0.07457325,0.30000000000000004,0.0325,0.2,0.548,0.0661586,linear_approximation,0.002527206828052546,638373012.3967685,0.6368581558776214,True
0.61,0.07457325,0.30000000000000004,0.045,0.2,0.548,0.0686586,linear_approximation,0.0025733903561654366,638373012.3967685,0.6368581558776214,True
0.61,0.07457325,0.30000000000000004,0.05750000000000001,0.2,0.548,0.0711586,linear_approximation,0.0026193282861206074,638373012.3967685,0.6368581558776214,True
0.61,0.07457325,0.30000000000000004,0.07,0.2,0.548,0.0736586,linear_approximation,0.00266501656371729,638373012.3967685,0.6368581558776214,True
0.61,0.07457325,0.4,0.02,0.2,0.5680000000000001,0.0636586,linear_approximation,0.002462393083152159,638373012.3967685,0.6368581558776214,True
0.61,0.07457325,0.4,0.0325,0.2,0.5680000000000001,0.0661586,linear_approximation,0.0025085820419820854,638373012.3967685,0.6368581558776214,True
0.61,0.07457325,0.4,0.045,0.2,0.5680000000000001,0.0686586,linear_approximation,0.002554396846610013,638373012.3967685,0.6368581558776214,True
0.61,0.07457325,0.4,0.05750000000000001,0.2,0.5680000000000001,0.0711586,linear_approximation,0.0025999474632925888,638373012.3967685,0.6368581558776214,True
0.61,0.07457325,0.4,0.07,0.2,0.5680000000000001,0.0736586,linear_approximation,0.00264526311952222,638373012.3967685,0.6368581558776214,True
0.61,0.07457325,0.5,0.02,0.2,0.588,0.0636586,linear_approximation,0.002444715717377538,638373012.3967685,0.6368581558776214,True
0.61,0.07457325,0.5,0.0325,0.2,0.588,0.0661586,linear_approximation,0.0024905700252915663,638373012.3967685,0.6368581558776214,True
0.61,0.07457325,0.5,0.045,0.2,0.588,0.0686586,linear_approximation,0.002536038742388085,638373012.3967685,0.6368581558776214,True
0.61,0.07457325,0.5,0.05750000000000001,0.2,0.588,0.0711586,linear_approximation,0.0025812213970034066,638373012.3967685,0.6368581558776214,True
0.61,0.07457325,0.5,0.07,0.2,0.588,0.0736586,linear_approximation,0.002626173879830826,638373012.3967685,0.6368581558776214,True
0.61,0.07457325,0.1,0.02,0.30000000000000004,0.457,0.05820127499999999,linear_approximation,0.002465673883318431,571847495.2100056,0.5704905034681016,True
0.61,0.07457325,0.1,0.0325,0.30000000000000004,0.457,0.06195127499999999,linear_approximation,0.002539504248576209,571847495.2100056,0.5704905034681016,True
0.61,0.07457325,0.1,0.045,0.30000000000000004,0.457,0.06570127499999999,linear_approximation,0.002612343185716001,638373012.3967685,0.6368581558776214,True
0.61,0.07457325,0.1,0.05750000000000001,0.30000000000000004,0.457,0.06945127499999999,linear_approximation,0.0026846005425108237,638373012.3967685,0.6368581558776214,True
0.61,0.07457325,0.1,0.07,0.30000000000000004,0.457,0.073201275,linear_approximation,0.0027560679029680415,638373012.3967685,0.6368581558776214,True
0.61,0.07457325,0.2,0.02,0.30000000000000004,0.487,0.05820127499999999,linear_approximation,0.0024349319648525433,571847495.2100056,0.5704905034681016,True
0.61,0.07457325,0.2,0.0325,0.30000000000000004,0.487,0.06195127499999999,linear_approximation,0.002507785373564864,638373012.3967685,0.6368581558776214,True
0.61,0.07457325,0.2,0.045,0.30000000000000004,0.487,0.06570127499999999,linear_approximation,0.002579622604482211,638373012.3967685,0.6368581558776214,True
0.61,0.07457325,0.2,0.05750000000000001,0.30000000000000004,0.487,0.06945127499999999,linear_approximation,0.0026508072374624063,638373012.3967685,0.6368581558776214,True
0.61,0.07457325,0.2,0.07,0.30000000000000004,0.487,0.073201275,linear_approximation,0.002721343080361819,638373012.3967685,0.6368581558776214,True
0.61,0.07457325,0.30000000000000004,0.02,0.30000000000000004,0.517,0.05820127499999999,linear_approximation,0.0024059678163302666,571847495.2100056,0.5704905034681016,True
0.61,0.07457325,0.30000000000000004,0.0325,0.30000000000000004,0.517,0.06195127499999999,linear_approximation,0.00247786917029377,638373012.3967685,0.6368581558776214,True
0.61,0.07457325,0.30000000000000004,0.045,0.30000000000000004,0.517,0.06570127499999999,linear_approximation,0.002548809125434321,638373012.3967685,0.6368581558776214,True
0.61,0.07457325,0.30000000000000004,0.05750000000000001,0.30000000000000004,0.517,0.06945127499999999,linear_approximation,0.002618999681031439,638373012.3967685,0.6368581558776214,True
0.61,0.07457325,0.30000000000000004,0.07,0.30000000000000004,0.517,0.073201275,linear_approximation,0.0026886196379120437,638373012.3967685,0.6368581558776214,True
0.61,0.07457325,0.4,0.02,0.30000000000000004,0.547,0.05820127499999999,linear_approximation,0.002378581936793504,638373012.3967685,0.6368581558776214,True
0.61,0.07457325,0.4,0.0325,0.30000000000000004,0.547,0.06195127499999999,linear_approximation,0.002449558951513255,638373012.3967685,0.6368581558776214,True
0.61,0.07457325,0.4,0.045,0.30000000000000004,0.547,0.06570127499999999,linear_approximation,0.0025196691091223357,638373012.3967685,0.6368581558776214,True
0.61,0.07457325,0.4,0.05750000000000001,0.30000000000000004,0.547,0.06945127499999999,linear_approximation,0.0025889537024555305,638373012.3967685,0.6368581558776214,True
0.61,0.07457325,0.4,0.07,0.30000000000000004,0.547,0.073201275,linear_approximation,0.0026576834423816674,638373012.3967685,0.6368581558776214,True
0.61,0.07457325,0.5,0.02,0.30000000000000004,0.577,0.05820127499999999,linear_approximation,0.0023526015858648538,638373012.3967685,0.6368581558776214,True
0.61,0.07457325,0.5,0.0325,0.30000000000000004,0.577,0.06195127499999999,linear_approximation,0.002422691318096389,638373012.3967685,0.6368581558776214,True
0.61,0.07457325,0.5,0.045,0.30000000000000004,0.577,0.06570127499999999,linear_approximation,0.0024920129088871735,638373012.3967685,0.6368581558776214,True
0.61,0.07457325,0.5,0.05750000000000001,0.30000000000000004,0.577,0.06945127499999999,linear_approximation,0.0025604747031786747,638373012.3967685,0.6368581558776214,True
0.61,0.07457325,0.5,0.07,0.30000000000000004,0.577,0.073201275,linear_approximation,0.002628352893383496,638373012.3967685,0.6368581558776214,True
0.61,0.07457325,0.1,0.02,0.4,0.406,0.05274395,linear_approximation,0.002410667056056365,571847495.2100056,0.5704905034681016,True
0.61,0.07457325,0.1,0.0325,0.4,0.406,0.05774395,linear_approximation,0.002513382211111396,571847495.2100056,0.5704905034681016,True
0.61,0.07457325,0.1,0.045,0.4,0.406,0.06274394999999999,linear_approximation,0.0026141711985382863,571847495.2100056,0.5704905034681016,True
0.61,0.07457325,0.1,0.05750000000000001,0.4,0.406,0.06774395,linear_approximation,0.0027137003491825968,571847495.2100056,0.5704905034681016,True
0.61,0.07457325,0.1,0.07,0.4,0.406,0.07274395,linear_approximation,0.0028116170357276303,638373012.3967685,0.6368581558776214,True
0.61,0.07457325,0.2,0.02,0.4,0.446,0.05274395,linear_approximation,0.0023678315484218664,571847495.2100056,0.5704905034681016,True
0.61,0.07457325,0.2,0.0325,0.4,0.446,0.05774395,linear_approximation,0.002468309149879876,571847495.2100056,0.5704905034681016,True
0.61,0.07457325,0.2,0.045,0.4,0.446,0.06274394999999999,linear_approximation,0.0025671735598780825,571847495.2100056,0.5704905034681016,True
0.61,0.07457325,0.2,0.05750000000000001,0.4,0.446,0.06774395,linear_approximation,0.0026645347008909513,638373012.3967685,0.6368581558776214,True
0.61,0.07457325,0.2,0.07,0.4,0.446,0.07274395,linear_approximation,0.0027606493889015516,638373012.3967685,0.6368581558776214,True
0.61,0.07457325,0.30000000000000004,0.02,0.4,0.486,0.05274395,linear_approximation,0.0023285078950627974,571847495.2100056,0.5704905034681016,True
0.61,0.07457325,0.30000000000000004,0.0325,0.4,0.486,0.05774395,linear_approximation,0.002426977098614678,571847495.2100056,0.5704905034681016,True
0.61,0.07457325,0.30000000000000004,0.045,0.4,0.486,0.06274394999999999,linear_approximation,0.0025240821753175114,638373012.3967685,0.6368581558776214,True
0.61,0.07457325,0.30000000000000004,0.05750000000000001,0.4,0.486,0.06774395,linear_approximation,0.0026195391264871326,638373012.3967685,0.6368581558776214,True
0.61,0.07457325,0.30000000000000004,0.07,0.4,0.486,0.07274395,linear_approximation,0.002713907771139923,638373012.3967685,0.6368581558776214,True
0.61,0.07457325,0.4,0.02,0.4,0.526,0.05274395,linear_approximation,0.002292110023288983,571847495.2100056,0.5704905034681016,True
0.61,0.07457325,0.4,0.0325,0.4,0.526,0.05774395,linear_approximation,0.0023888131346078935,571847495.2100056,0.5704905034681016,True
0.61,0.07457325,0.4,0.045,0.4,0.526,0.06274394999999999,linear_approximation,0.0024842408280130414,638373012.3967685,0.6368581558776214,True
0.61,0.07457325,0.4,0.05750000000000001,0.4,0.526,0.06774395,linear_approximation,0.002578050642522135,638373012.3967685,0.6368581558776214,True
0.61,0.07457325,0.4,0.07,0.4,0.526,0.07274395,linear_approximation,0.0026707388062824685,638373012.3967685,0.6368581558776214,True
0.61,0.07457325,0.5,0.02,0.4,0.5660000000000001,0.05274395,linear_approximation,0.0022582123562771015,571847495.2100056,0.5704905034681016,True
0.61,0.07457325,0.5,0.0325,0.4,0.5660000000000001,0.05774395,linear_approximation,0.0023533467659834087,638373012.3967685,0.6368581558776214,True
0.61,0.07457325,0.5,0.045,0.4,0.5660000000000001,0.06274394999999999,linear_approximation,0.002447175917849006,638373012.3967685,0.6368581558776214,True
0.61,0.07457325,0.5,0.05750000000000001,0.4,0.5660000000000001,0.06774395,linear_approximation,0.0025395274595081236,638373012.3967685,0.6368581558776214,True
0.61,0.07457325,0.5,0.07,0.4,0.5660000000000001,0.07274395,linear_approximation,0.0026306455287744613,638373012.3967685,0.6368581558776214,True
0.61,0.07457325,0.1,0.02,0.5,0.355,0.047286625,linear_approximation,0.002354411985277889,503257708.30240583,0.502063479841258,True
0.61,0.07457325,0.1,0.0325,0.5,0.355,0.053536625,linear_approximation,0.0024885962446898574,571847495.2100056,0.5704905034681016,True
0.61,0.07457325,0.1,0.045,0.5,0.355,0.059786624999999996,linear_approximation,0.0026199780019783253,571847495.2100056,0.5704905034681016,True
0.61,0.07457325,0.1,0.05750000000000001,0.5,0.355,0.066036625,linear_approximation,0.002748966888105069,571847495.2100056,0.5704905034681016,True
0.61,0.07457325,0.1,0.07,0.5,0.355,0.072286625,linear_approximation,0.0028751372304604158,571847495.2100056,0.5704905034681016,True
0.61,0.07457325,0.2,0.02,0.5,0.405,0.047286625,linear_approximation,0.002297849444399016,571847495.2100056,0.5704905034681016,True
0.61,0.07457325,0.2,0.0325,0.5,0.405,0.053536625,linear_approximation,0.0024281647810507306,571847495.2100056,0.5704905034681016,True
0.61,0.07457325,0.2,0.045,0.5,0.405,0.059786624999999996,linear_approximation,0.00255599472086572,571847495.2100056,0.5704905034681016,True
0.61,0.07457325,0.2,0.05750000000000001,0.5,0.405,0.066036625,linear_approximation,0.002681112858643982,571847495.2100056,0.5704905034681016,True
0.61,0.07457325,0.2,0.07,0.5,0.405,0.072286625,linear_approximation,0.0028040704503849508,638373012.3967685,0.6368581558776214,True
0.61,0.07457325,0.30000000000000004,0.02,0.5,0.455,0.047286625,linear_approximation,0.0022475832631573614,571847495.2100056,0.5704905034681016,True
0.61,0.07457325,0.30000000000000004,0.0325,0.5,0.455,0.053536625,linear_approximation,0.0023746328665082963,571847495.2100056,0.5704905034681016,True
0.61,0.07457325,0.30000000000000004,0.045,0.5,0.455,0.059786624999999996,linear_approximation,0.002499174055030884,571847495.2100056,0.5704905034681016,True
0.61,0.07457325,0.30000000000000004,0.05750000000000001,0.5,0.455,0.066036625,linear_approximation,0.0026210897558230297,638373012.3967685,0.6368581558776214,True
0.61,0.07457325,0.30000000000000004,0.07,0.5,0.455,0.072286625,linear_approximation,0.002741106131086705,638373012.3967685,0.6368581558776214,True
0.61,0.07457325,0.4,0.02,0.5,0.505,0.047286625,linear_approximation,0.002202338583041186,571847495.2100056,0.5704905034681016,True
0.61,0.07457325,0.4,0.0325,0.5,0.505,0.053536625,linear_approximation,0.0023264606164850083,571847495.2100056,0.5704905034681016,True
0.61,0.07457325,0.4,0.045,0.5,0.505,0.059786624999999996,linear_approximation,0.002448017835329624,571847495.2100056,0.5704905034681016,True
0.61,0.07457325,0.4,0.05750000000000001,0.5,0.505,0.066036625,linear_approximation,0.002567255574522901,638373012.3967685,0.6368581558776214,True
0.61,0.07457325,0.4,0.07,0.5,0.505,0.072286625,linear_approximation,0.002684483983687254,638373012.3967685,0.6368581558776214,True
0.61,0.07457325,0.5,0.02,0.5,0.5549999999999999,0.047286625,linear_approximation,0.002161139666519918,571847495.2100056,0.5704905034681016,True
0.61,0.07457325,0.5,0.0325,0.5,0.5549999999999999,0.053536625,linear_approximation,0.0022825739341777573,571847495.2100056,0.5704905034681016,True
0.61,0.07457325,0.5,0.045,0.5,0.5549999999999999,0.059786624999999996,linear_approximation,0.002401507198365211,638373012.3967685,0.6368581558776214,True
0.61,0.07457325,0.5,0.05750000000000001,0.5,0.5549999999999999,0.066036625,linear_approximation,0.0025183605261959183,638373012.3967685,0.6368581558776214,True
0.61,0.07457325,0.5,0.07,0.5,0.5549999999999999,0.072286625,linear_approximation,0.0026330569712172056,638373012.3967685,0.6368581558776214,True
0.61,0.07457325,0.1,0.02,0.6000000000000001,0.30399999999999994,0.04182929999999999,linear_approximation,0.0022964121001137826,503257708.30240583,0.502063479841258,True
0.61,0.07457325,0.1,0.0325,0.6000000000000001,0.30399999999999994,0.04932929999999999,linear_approximation,0.0024661032953460157,503257708.30240583,0.502063479841258,True
0.61,0.07457325,0.1,0.045,0.6000000000000001,0.30399999999999994,0.05682929999999999,linear_approximation,0.002631279676988473,503257708.30240583,0.502063479841258,True
0.61,0.07457325,0.1,0.05750000000000001,0.6000000000000001,0.30399999999999994,0.0643293,linear_approximation,0.0027924811451877775,571847495.2100056,0.5704905034681016,True
0.61,0.07457325,0.1,0.07,0.6000000000000001,0.30399999999999994,0.0718293,linear_approximation,0.0029494589291738263,571847495.2100056,0.5704905034681016,True
0.61,0.07457325,0.2,0.02,0.6000000000000001,0.364,0.04182929999999999,linear_approximation,0.002224563123422587,503257708.30240583,0.502063479841258,True
0.61,0.07457325,0.2,0.0325,0.6000000000000001,0.364,0.04932929999999999,linear_approximation,0.002387610039287206,503257708.30240583,0.502063479841258,True
0.61,0.07457325,0.2,0.045,0.6000000000000001,0.364,0.05682929999999999,linear_approximation,0.002546457649476077,571847495.2100056,0.5704905034681016,True
0.61,0.07457325,0.2,0.05750000000000001,0.6000000000000001,0.364,0.0643293,linear_approximation,0.00270123810882948,571847495.2100056,0.5704905034681016,True
0.61,0.07457325,0.2,0.07,0.6000000000000001,0.364,0.0718293,linear_approximation,0.0028525359935694895,571847495.2100056,0.5704905034681016,True
0.61,0.07457325,0.30000000000000004,0.02,0.6000000000000001,0.424,0.04182929999999999,linear_approximation,0.0021631332128389004,503257708.30240583,0.502063479841258,True
0.61,0.07457325,0.30000000000000004,0.0325,0.6000000000000001,0.424,0.04932929999999999,linear_approximation,0.00232064593237857,571847495.2100056,0.5704905034681016,True
0.61,0.07457325,0.30000000000000004,0.045,0.6000000000000001,0.424,0.05682929999999999,linear_approximation,0.002474094460774949,571847495.2100056,0.5704905034681016,True
0.61,0.07457325,0.30000000000000004,0.05750000000000001,0.6000000000000001,0.424,0.0643293,linear_approximation,0.002623827527846706,571847495.2100056,0.5704905034681016,True
0.61,0.07457325,0.30000000000000004,0.07,0.6000000000000001,0.424,0.0718293,linear_approximation,0.002770487048542086,638373012.3967685,0.6368581558776214,True
0.61,0.07457325,0.4,0.02,0.6000000000000001,0.484,0.04182929999999999,linear_approximation,0.0021092761264526216,571847495.2100056,0.5704905034681016,True
0.61,0.07457325,0.4,0.0325,0.6000000000000001,0.484,0.04932929999999999,linear_approximation,0.0022620666936944717,571847495.2100056,0.5704905034681016,True
0.61,0.07457325,0.4,0.045,0.6000000000000001,0.484,0.05682929999999999,linear_approximation,0.0024110183065081435,571847495.2100056,0.5704905034681016,True
0.61,0.07457325,0.4,0.05750000000000001,0.6000000000000001,0.484,0.0643293,linear_approximation,0.0025565851636835603,638373012.3967685,0.6368581558776214,True
0.61,0.07457325,0.4,0.07,0.6000000000000001,0.484,0.0718293,linear_approximation,0.002698980686611405,638373012.3967685,0.6368581558776214,True
0.61,0.07457325,0.5,0.02,0.6000000000000001,0.544,0.04182929999999999,linear_approximation,0.0020613037452272805,571847495.2100056,0.5704905034681016,True
0.61,0.07457325,0.5,0.0325,0.6000000000000001,0.544,0.04932929999999999,linear_approximation,0.002209999932355833,571847495.2100056,0.5704905034681016,True
0.61,0.07457325,0.5,0.045,0.6000000000000001,0.544,0.05682929999999999,linear_approximation,0.0023550979189964293,571847495.2100056,0.5704905034681016,True
0.61,0.07457325,0.5,0.05750000000000001,0.6000000000000001,0.544,0.0643293,linear_approximation,0.002496947155925737,638373012.3967685,0.6368581558776214,True
0.61,0.07457325,0.5,0.07,0.6000000000000001,0.544,0.0718293,linear_approximation,0.002635592700296519,638373012.3967685,0.6368581558776214,True
0.61,0.07457325,0.1,0.02,0.7000000000000001,0.253,0.036371974999999994,linear_approximation,0.0022375029172957287,434606558.70137393,0.43357523913440005,True
0.61,0.07457325,0.1,0.0325,0.7000000000000001,0.253,0.045121974999999995,linear_approximation,0.002447472798957625,503257708.30240583,0.502063479841258,True
0.61,0.07457325,0.1,0.045,0.7000000000000001,0.253,0.05387197499999999,linear_approximation,0.002650516559523888,503257708.30240583,0.502063479841258,True
0.61,0.07457325,0.1,0.05750000000000001,0.7000000000000001,0.253,0.062621975,linear_approximation,0.002847475873046597,503257708.30240583,0.502063479841258,True
0.61,0.07457325,0.1,0.07,0.7000000000000001,0.253,0.071371975,linear_approximation,0.0030388519461912885,571847495.2100056,0.5704905034681016,True
0.61,0.07457325,0.2,0.02,0.7000000000000001,0.32299999999999995,0.036371974999999994,linear_approximation,0.0021474200392563847,503257708.30240583,0.502063479841258,True
0.61,0.07457325,0.2,0.0325,0.7000000000000001,0.32299999999999995,0.045121974999999995,linear_approximation,0.002346500809000696,503257708.30240583,0.502063479841258,True
0.61,0.07457325,0.2,0.045,0.7000000000000001,0.32299999999999995,0.05387197499999999,linear_approximation,0.0025391106819926336,503257708.30240583,0.502063479841258,True
0.61,0.07457325,0.2,0.05750000000000001,0.7000000000000001,0.32299999999999995,0.062621975,linear_approximation,0.0027258764385294206,571847495.2100056,0.5704905034681016,True
0.61,0.07457325,0.2,0.07,0.7000000000000001,0.32299999999999995,0.071371975,linear_approximation,0.002907409500312326,571847495.2100056,0.5704905034681016,True
0.61,0.07457325,0.30000000000000004,0.02,0.7000000000000001,0.393,0.036371974999999994,linear_approximation,0.0020743593201455134,503257708.30240583,0.502063479841258,True
0.61,0.07457325,0.30000000000000004,0.0325,0.7000000000000001,0.393,0.045121974999999995,linear_approximation,0.0022645609645948793,503257708.30240583,0.502063479841258,True
0.61,0.07457325,0.30000000000000004,0.045,0.7000000000000001,0.393,0.05387197499999999,linear_approximation,0.002448942720657566,571847495.2100056,0.5704905034681016,True
0.61,0.07457325,0.30000000000000004,0.05750000000000001,0.7000000000000001,0.393,0.062621975,linear_approximation,0.0026279718584618942,571847495.2100056,0.5704905034681016,True
0.61,0.07457325,0.30000000000000004,0.07,0.7000000000000001,0.393,0.071371975,linear_approximation,0.0028023886738868663,638373012.3967685,0.6368581558776214,True
0.61,0.07457325,0.4,0.02,0.7000000000000001,0.46299999999999997,0.036371974999999994,linear_approximation,0.002012491316096363,503257708.30240583,0.502063479841258,True
0.61,0.07457325,0.4,0.0325,0.7000000000000001,0.46299999999999997,0.045121974999999995,linear_approximation,0.0021956206945386394,571847495.2100056,0.5704905034681016,True
0.61,0.07457325,0.4,0.045,0.7000000000000001,0.46299999999999997,0.05387197499999999,linear_approximation,0.0023733001214710147,571847495.2100056,0.5704905034681016,True
0.61,0.07457325,0.4,0.05750000000000001,0.7000000000000001,0.46299999999999997,0.062621975,linear_approximation,0.0025460557989960297,571847495.2100056,0.5704905034681016,True
0.61,0.07457325,0.4,0.07,0.7000000000000001,0.46299999999999997,0.071371975,linear_approximation,0.002714298843448802,638373012.3967685,0.6368581558776214,True
0.61,0.07457325,0.5,0.02,0.7000000000000001,0.533,0.036371974999999994,linear_approximation,0.0019585926344409563,503257708.30240583,0.502063479841258,True
0.61,0.07457325,0.5,0.0325,0.7000000000000001,0.533,0.045121974999999995,linear_approximation,0.002135846527106197,571847495.2100056,0.5704905034681016,True
0.61,0.07457325,0.5,0.045,0.7000000000000001,0.533,0.05387197499999999,linear_approximation,0.0023079092748285765,571847495.2100056,0.5704905034681016,True
0.61,0.07457325,0.5,0.05750000000000001,0.7000000000000001,0.533,0.062621975,linear_approximation,0.002475262683410661,638373012.3967685,0.6368581558776214,True
0.61,0.07457325,0.5,0.07,0.7000000000000001,0.533,0.071371975,linear_approximation,0.0026382585151935923,638373012.3967685,0.6368581558776214,True
0.61,0.07457325,0.1,0.02,0.8,0.20199999999999999,0.030914649999999995,linear_approximation,0.0021775224445132594,367902360.48253363,0.3670293297021532,True
0.61,0.07457325,0.1,0.0325,0.8,0.20199999999999999,0.04091465,linear_approximation,0.0024352465771499843,434606558.70137393,0.43357523913440005,True
0.61,0.07457325,0.1,0.045,0.8,0.20199999999999999,0.05091464999999999,linear_approximation,0.002681965046577303,434606558.70137393,0.43357523913440005,True
0.61,0.07457325,0.1,0.05750000000000001,0.8,0.20199999999999999,0.06091465000000001,linear_approximation,0.00291965212311645,503257708.30240583,0.502063479841258,True
0.61,0.07457325,0.1,0.07,0.8,0.20199999999999999,0.07091465,linear_approximation,0.0031495681545467276,503257708.30240583,0.502063479841258,True
0.61,0.07457325,0.2,0.02,0.8,0.28200000000000003,0.030914649999999995,linear_approximation,0.0020660235320237048,434606558.70137393,0.43357523913440005,True
0.61,0.07457325,0.2,0.0325,0.8,0.28200000000000003,0.04091465,linear_approximation,0.0023048611769467264,503257708.30240583,0.502063479841258,True
0.61,0.07457325,0.2,0.045,0.8,0.28200000000000003,0.05091464999999999,linear_approximation,0.00253479219803214,503257708.30240583,0.502063479841258,True
0.61,0.07457325,0.2,0.05750000000000001,0.8,0.28200000000000003,0.06091465000000001,linear_approximation,0.002756413288511284,571847495.2100056,0.5704905034681016,True
0.61,0.07457325,0.2,0.07,0.8,0.28200000000000003,0.07091465,linear_approximation,0.002970671375200788,571847495.2100056,0.5704905034681016,True
0.61,0.07457325,0.30000000000000004,0.02,0.8,0.362,0.030914649999999995,linear_approximation,0.0019808900142678954,434606558.70137393,0.43357523913440005,True
0.61,0.07457325,0.30000000000000004,0.0325,0.8,0.362,0.04091465,linear_approximation,0.0022065998088003197,503257708.30240583,0.502063479841258,True
0.61,0.07457325,0.30000000000000004,0.045,0.8,0.362,0.05091464999999999,linear_approximation,0.0024238772661973633,571847495.2100056,0.5704905034681016,True
0.61,0.07457325,0.30000000000000004,0.05750000000000001,0.8,0.362,0.06091465000000001,linear_approximation,0.002633801001007729,571847495.2100056,0.5704905034681016,True
0.61,0.07457325,0.30000000000000004,0.07,0.8,0.362,0.07091465,linear_approximation,0.0028372475813410927,571847495.2100056,0.5704905034681016,True
0.61,0.07457325,0.4,0.02,0.8,0.44200000000000006,0.030914649999999995,linear_approximation,0.0019116467570945614,503257708.30240583,0.502063479841258,True
0.61,0.07457325,0.4,0.0325,0.8,0.44200000000000006,0.04091465,linear_approximation,0.002126924818371857,503257708.30240583,0.502063479841258,True
0.61,0.07457325,0.4,0.045,0.8,0.44200000000000006,0.05091464999999999,linear_approximation,0.0023347670764289827,571847495.2100056,0.5704905034681016,True
0.61,0.07457325,0.4,0.05750000000000001,0.8,0.44200000000000006,0.06091465000000001,linear_approximation,0.0025356853426086357,571847495.2100056,0.5704905034681016,True
0.61,0.07457325,0.4,0.07,0.8,0.44200000000000006,0.07091465,linear_approximation,0.0027305179156719623,638373012.3967685,0.6368581558776214,True
0.61,0.07457325,0.5,0.02,0.8,0.522,0.030914649999999995,linear_approximation,0.0018528012421376195,503257708.30240583,0.502063479841258,True
0.61,0.07457325,0.5,0.0325,0.8,0.522,0.04091465,linear_approximation,0.0020597091660194584,571847495.2100056,0.5704905034681016,True
0.61,0.07457325,0.5,0.045,0.8,0.522,0.05091464999999999,linear_approximation,0.002259730901917811,571847495.2100056,0.5704905034681016,True
0.61,0.07457325,0.5,0.05750000000000001,0.8,0.522,0.06091465000000001,linear_approximation,0.00245329517219418,638373012.3967685,0.6368581558776214,True
0.61,0.07457325,0.5,0.07,0.8,0.522,0.07091465,linear_approximation,0.002641060690992458,638373012.3967685,0.6368581558776214,True
0.61,0.07457325,0.1,0.02,0.9,0.151,0.025457325,linear_approximation,0.0021186147361989963,304984303.7139203,0.30426057722212524,True
0.61,0.07457325,0.1,0.0325,0.9,0.151,0.036707325,linear_approximation,0.0024345234205728336,367902360.48253363,0.3670293297021532,True
0.61,0.07457325,0.1,0.045,0.9,0.151,0.047957324999999995,linear_approximation,0.0027342112011406895,434606558.70137393,0.43357523913440005,True
0.61,0.07457325,0.1,0.05750000000000001,0.9,0.151,0.059207325000000005,linear_approximation,0.0030210716896418507,434606558.70137393,0.43357523913440005,True
0.61,0.07457325,0.1,0.07,0.9,0.151,0.07045732500000002,linear_approximation,0.0032961606737828934,503257708.30240583,0.502063479841258,True
0.61,0.07457325,0.2,0.02,0.9,0.241,0.025457325,linear_approximation,0.001979433271151852,367902360.48253363,0.3670293297021532,True
0.61,0.07457325,0.2,0.0325,0.9,0.241,0.036707325,linear_approximation,0.002263522236065769,434606558.70137393,0.43357523913440005,True
0.61,0.07457325,0.2,0.045,0.9,0.241,0.047957324999999995,linear_approximation,0.002534809861932259,503257708.30240583,0.502063479841258,True
0.61,0.07457325,0.2,0.05750000000000001,0.9,0.241,0.059207325000000005,linear_approximation,0.0027949093003575933,503257708.30240583,0.502063479841258,True
0.61,0.07457325,0.2,0.07,0.9,0.241,0.07045732500000002,linear_approximation,0.0030450514582524243,571847495.2100056,0.5704905034681016,True
0.61,0.07457325,0.30000000000000004,0.02,0.9,0.33100000000000007,0.025457325,linear_approximation,0.0018822520894013605,434606558.70137393,0.43357523913440005,True
0.61,0.07457325,0.30000000000000004,0.0325,0.9,0.33100000000000007,0.036707325,linear_approximation,0.002146059856077188,503257708.30240583,0.502063479841258,True
0.61,0.07457325,0.30000000000000004,0.045,0.9,0.33100000000000007,0.047957324999999995,linear_approximation,0.0023990260319270568,503257708.30240583,0.502063479841258,True
0.61,0.07457325,0.30000000000000004,0.05750000000000001,0.9,0.33100000000000007,0.059207325000000005,linear_approximation,0.0026416746701078096,571847495.2100056,0.5704905034681016,True
0.61,0.07457325,0.30000000000000004,0.07,0.9,0.33100000000000007,0.07045732500000002,linear_approximation,0.0028756505968627814,571847495.2100056,0.5704905034681016,True
0.61,0.07457325,0.4,0.02,0.9,0.42100000000000004,0.025457325,linear_approximation,0.0018065602345574661,434606558.70137393,0.43357523913440005,True
0.61,0.07457325,0.4,0.0325,0.9,0.42100000000000004,0.036707325,linear_approximation,0.0020557698216618625,503257708.30240583,0.502063479841258,True
0.61,0.07457325,0.4,0.045,0.9,0.42100000000000004,0.047957324999999995,linear_approximation,0.002295183663303004,571847495.2100056,0.5704905034681016,True
0.61,0.07457325,0.4,0.05750000000000001,0.9,0.42100000000000004,0.059207325000000005,linear_approximation,0.00252549645815982,571847495.2100056,0.5704905034681016,True
0.61,0.07457325,0.4,0.07,0.9,0.42100000000000004,0.07045732500000002,linear_approximation,0.0027477287522178154,638373012.3967685,0.6368581558776214,True
0.61,0.07457325,0.5,0.02,0.9,0.511,0.025457325,linear_approximation,0.0017439422801185155,503257708.30240583,0.502063479841258,True
0.61,0.07457325,0.5,0.0325,0.9,0.511,0.036707325,linear_approximation,0.0019817732063260943,503257708.30240583,0.502063479841258,True
0.61,0.07457325,0.5,0.045,0.9,0.511,0.047957324999999995,linear_approximation,0.0022105881181369515,571847495.2100056,0.5704905034681016,True
0.61,0.07457325,0.5,0.05750000000000001,0.9,0.511,0.059207325000000005,linear_approximation,0.0024310491174721303,571847495.2100056,0.5704905034681016,True
0.61,0.07457325,0.5,0.07,0.9,0.511,0.07045732500000002,linear_approximation,0.0026440058694761044,638373012.3967685,0.6368581558776214,True
0.61,0.07457325,0.1,0.02,1.0,0.1,0.02,linear_approximation,0.0020651711442088543,247372170.7342669,0.24678515759584266,True
0.61,0.07457325,0.1,0.0325,1.0,0.1,0.0325,linear_approximation,0.0024584164795281305,304984303.7139203,0.30426057722212524,True
0.61,0.07457325,0.1,0.045,1.0,0.1,0.045,linear_approximation,0.0028282373552814925,367902360.48253363,0.3670293297021532,True
0.61,0.07457325,0.1,0.05750000000000001,1.0,0.1,0.05750000000000001,linear_approximation,0.0031770986663655558,367902360.48253363,0.3670293297021532,True
0.61,0.07457325,0.1,0.07,1.0,0.1,0.07,linear_approximation,0.003510081671649654,434606558.70137393,0.43357523913440005,True
0.61,0.07457325,0.2,0.02,1.0,0.2,0.02,linear_approximation,0.0018868407398606685,304984303.7139203,0.30426057722212524,True
0.61,0.07457325,0.2,0.0325,1.0,0.2,0.0325,linear_approximation,0.002222566073327184,367902360.48253363,0.3670293297021532,True
0.61,0.07457325,0.2,0.045,1.0,0.2,0.045,linear_approximation,0.002541295483082738,434606558.70137393,0.43357523913440005,True
0.61,0.07457325,0.2,0.05750000000000001,1.0,0.2,0.05750000000000001,linear_approximation,0.002844559211942548,503257708.30240583,0.502063479841258,True
0.61,0.07457325,0.2,0.07,1.0,0.2,0.07,linear_approximation,0.003134287311088752,503257708.30240583,0.502063479841258,True
0.61,0.07457325,0.30000000000000004,0.02,1.0,0.30000000000000004,0.02,linear_approximation,0.001778004368794383,367902360.48253363,0.3670293297021532,True
0.61,0.07457325,0.30000000000000004,0.0325,1.0,0.30000000000000004,0.0325,linear_approximation,0.0020831073479849983,434606558.70137393,0.43357523913440005,True
0.61,0.07457325,0.30000000000000004,0.045,1.0,0.30000000000000004,0.045,linear_approximation,0.002374406147340754,503257708.30240583,0.502063479841258,True
0.61,0.07457325,0.30000000000000004,0.05750000000000001,1.0,0.30000000000000004,0.05750000000000001,linear_approximation,0.0026520682588074126,503257708.30240583,0.502063479841258,True
0.61,0.07457325,0.30000000000000004,0.07,1.0,0.30000000000000004,0.07,linear_approximation,0.0029183987801346028,571847495.2100056,0.5704905034681016,True
0.61,0.07457325,0.4,0.02,1.0,0.4,0.02,linear_approximation,0.001697360961712541,434606558.70137393,0.43357523913440005,True
0.61,0.07457325,0.4,0.0325,1.0,0.4,0.0325,linear_approximation,0.001981867946739062,503257708.30240583,0.502063479841258,True
0.61,0.07457325,0.4,0.045,1.0,0.4,0.045,linear_approximation,0.0022545581952188453,503257708.30240583,0.502063479841258,True
0.61,0.07457325,0.4,0.05750000000000001,1.0,0.4,0.05750000000000001,linear_approximation,0.002515520798389187,571847495.2100056,0.5704905034681016,True
0.61,0.07457325,0.4,0.07,1.0,0.4,0.07,linear_approximation,0.002766036052180975,638373012.3967685,0.6368581558776214,True
0.61,0.07457325,0.5,0.02,1.0,0.5,0.02,linear_approximation,0.0016324454513595137,434606558.70137393,0.43357523913440005,True
0.61,0.07457325,0.5,0.0325,1.0,0.5,0.0325,linear_approximation,0.0019017761547330972,503257708.30240583,0.502063479841258,True
0.61,0.07457325,0.5,0.045,1.0,0.5,0.045,linear_approximation,0.002160593058777012,571847495.2100056,0.5704905034681016,True
0.61,0.07457325,0.5,0.05750000000000001,1.0,0.5,0.05750000000000001,linear_approximation,0.0024085397398798582,571847495.2100056,0.5704905034681016,True
0.61,0.07457325,0.5,0.07,1.0,0.5,0.07,linear_approximation,0.0026471011465432825,638373012.3967685,0.6368581558776214,True
